{"0":{"Ti":1000.0,"ui":0.448010895,"vi":0.35462498084228},"1":{"Ti":1010.0,"ui":0.445681293,"vi":0.354826176},"2":{"Ti":1020.1,"ui":0.443353478,"vi":0.355025626},"3":{"Ti":1030.301,"ui":0.441027835,"vi":0.355223234},"4":{"Ti":1040.60401,"ui":0.438704739,"vi":0.355418898},"5":{"Ti":1051.01005,"ui":0.43638456,"vi":0.355612517},"6":{"Ti":1061.520151,"ui":0.434067664,"vi":0.355803992},"7":{"Ti":1072.135352,"ui":0.431754409,"vi":0.355993218},"8":{"Ti":1082.856706,"ui":0.429445147,"vi":0.356180094},"9":{"Ti":1093.685273,"ui":0.427140224,"vi":0.356364517},"10":{"Ti":1104.622125,"ui":0.424839979,"vi":0.356546382},"11":{"Ti":1115.668347,"ui":0.422544745,"vi":0.356725585},"12":{"Ti":1126.82503,"ui":0.420254849,"vi":0.356902022},"13":{"Ti":1138.09328,"ui":0.417970611,"vi":0.357075587},"14":{"Ti":1149.474213,"ui":0.415692345,"vi":0.357246174},"15":{"Ti":1160.968955,"ui":0.413420356,"vi":0.357413678},"16":{"Ti":1172.578645,"ui":0.411154947,"vi":0.357577993},"17":{"Ti":1184.304431,"ui":0.408896409,"vi":0.357739012},"18":{"Ti":1196.147476,"ui":0.406645032,"vi":0.35789663},"19":{"Ti":1208.10895,"ui":0.404401096,"vi":0.358050739},"20":{"Ti":1220.19004,"ui":0.402164874,"vi":0.358201233},"21":{"Ti":1232.39194,"ui":0.399936635,"vi":0.358348006},"22":{"Ti":1244.71586,"ui":0.397716639,"vi":0.358490952},"23":{"Ti":1257.163018,"ui":0.395505142,"vi":0.358629965},"24":{"Ti":1269.734649,"ui":0.393302392,"vi":0.358764939},"25":{"Ti":1282.431995,"ui":0.391108631,"vi":0.358895769},"26":{"Ti":1295.256315,"ui":0.388924094,"vi":0.35902235},"27":{"Ti":1308.208878,"ui":0.386749011,"vi":0.359144578},"28":{"Ti":1321.290967,"ui":0.384583605,"vi":0.359262349},"29":{"Ti":1334.503877,"ui":0.382428092,"vi":0.35937556},"30":{"Ti":1347.848915,"ui":0.380282685,"vi":0.359484108},"31":{"Ti":1361.327404,"ui":0.378147588,"vi":0.359587893},"32":{"Ti":1374.940679,"ui":0.376022998,"vi":0.359686814},"33":{"Ti":1388.690085,"ui":0.373909111,"vi":0.359780772},"34":{"Ti":1402.576986,"ui":0.371806112,"vi":0.359869667},"35":{"Ti":1416.602756,"ui":0.369714182,"vi":0.359953404},"36":{"Ti":1430.768784,"ui":0.367633499,"vi":0.360031886},"37":{"Ti":1445.076471,"ui":0.36556423,"vi":0.360105019},"38":{"Ti":1459.527236,"ui":0.363506542,"vi":0.360172709},"39":{"Ti":1474.122509,"ui":0.361460593,"vi":0.360234866},"40":{"Ti":1488.863734,"ui":0.359426537,"vi":0.360291399},"41":{"Ti":1503.752371,"ui":0.357404521,"vi":0.360342221},"42":{"Ti":1518.789895,"ui":0.35539469,"vi":0.360387245},"43":{"Ti":1533.977794,"ui":0.35339718,"vi":0.360426386},"44":{"Ti":1549.317572,"ui":0.351412125,"vi":0.360459563},"45":{"Ti":1564.810747,"ui":0.349439653,"vi":0.360486695},"46":{"Ti":1580.458855,"ui":0.347479886,"vi":0.360507703},"47":{"Ti":1596.263443,"ui":0.345532942,"vi":0.360522513},"48":{"Ti":1612.226078,"ui":0.343598936,"vi":0.360531049},"49":{"Ti":1628.348338,"ui":0.341677974,"vi":0.360533241},"50":{"Ti":1644.631822,"ui":0.339770162,"vi":0.360529021},"51":{"Ti":1661.07814,"ui":0.337875598,"vi":0.360518321},"52":{"Ti":1677.688921,"ui":0.335994377,"vi":0.360501079},"53":{"Ti":1694.465811,"ui":0.33412659,"vi":0.360477233},"54":{"Ti":1711.410469,"ui":0.332272323,"vi":0.360446725},"55":{"Ti":1728.524573,"ui":0.330431658,"vi":0.360409499},"56":{"Ti":1745.809819,"ui":0.328604672,"vi":0.360365504},"57":{"Ti":1763.267917,"ui":0.326791438,"vi":0.360314689},"58":{"Ti":1780.900597,"ui":0.324992027,"vi":0.360257009},"59":{"Ti":1798.709603,"ui":0.323206503,"vi":0.360192419},"60":{"Ti":1816.696699,"ui":0.321434928,"vi":0.360120879},"61":{"Ti":1834.863666,"ui":0.319677359,"vi":0.360042352},"62":{"Ti":1853.212302,"ui":0.31793385,"vi":0.359956804},"63":{"Ti":1871.744425,"ui":0.316204451,"vi":0.359864203},"64":{"Ti":1890.461869,"ui":0.314489208,"vi":0.359764524},"65":{"Ti":1909.366488,"ui":0.312788162,"vi":0.35965774},"66":{"Ti":1928.460153,"ui":0.311101354,"vi":0.359543832},"67":{"Ti":1947.744755,"ui":0.309428819,"vi":0.359422781},"68":{"Ti":1967.222202,"ui":0.307770587,"vi":0.359294574},"69":{"Ti":1986.894424,"ui":0.306126688,"vi":0.359159199},"70":{"Ti":2006.763368,"ui":0.304497147,"vi":0.359016651},"71":{"Ti":2026.831002,"ui":0.302881984,"vi":0.358866923},"72":{"Ti":2047.099312,"ui":0.301281218,"vi":0.358710017},"73":{"Ti":2067.570305,"ui":0.299694865,"vi":0.358545934},"74":{"Ti":2088.246008,"ui":0.298122935,"vi":0.358374682},"75":{"Ti":2109.128468,"ui":0.296565437,"vi":0.35819627},"76":{"Ti":2130.219753,"ui":0.295022378,"vi":0.358010711},"77":{"Ti":2151.521951,"ui":0.293493758,"vi":0.357818023},"78":{"Ti":2173.03717,"ui":0.291979578,"vi":0.357618224},"79":{"Ti":2194.767542,"ui":0.290479834,"vi":0.357411339},"80":{"Ti":2216.715217,"ui":0.28899452,"vi":0.357197394},"81":{"Ti":2238.882369,"ui":0.287523625,"vi":0.356976419},"82":{"Ti":2261.271193,"ui":0.286067138,"vi":0.356748448},"83":{"Ti":2283.883905,"ui":0.284625044,"vi":0.356513518},"84":{"Ti":2306.722744,"ui":0.283197324,"vi":0.356271668},"85":{"Ti":2329.789971,"ui":0.281783958,"vi":0.356022941},"86":{"Ti":2353.087871,"ui":0.280384923,"vi":0.355767383},"87":{"Ti":2376.61875,"ui":0.279000193,"vi":0.355505044},"88":{"Ti":2400.384937,"ui":0.277629739,"vi":0.355235977},"89":{"Ti":2424.388787,"ui":0.276273531,"vi":0.354960235},"90":{"Ti":2448.632675,"ui":0.274931535,"vi":0.354677879},"91":{"Ti":2473.119001,"ui":0.273603715,"vi":0.354388968},"92":{"Ti":2497.850191,"ui":0.272290032,"vi":0.354093567},"93":{"Ti":2522.828693,"ui":0.270990447,"vi":0.353791742},"94":{"Ti":2548.05698,"ui":0.269704915,"vi":0.353483563},"95":{"Ti":2573.53755,"ui":0.268433392,"vi":0.353169102},"96":{"Ti":2599.272926,"ui":0.26717583,"vi":0.352848434},"97":{"Ti":2625.265655,"ui":0.26593218,"vi":0.352521635},"98":{"Ti":2651.518311,"ui":0.264702389,"vi":0.352188785},"99":{"Ti":2678.033494,"ui":0.263486404,"vi":0.351849966},"100":{"Ti":2704.813829,"ui":0.262284168,"vi":0.351505262},"101":{"Ti":2731.861968,"ui":0.261095625,"vi":0.35115476},"102":{"Ti":2759.180587,"ui":0.259920713,"vi":0.350798547},"103":{"Ti":2786.772393,"ui":0.258759372,"vi":0.350436714},"104":{"Ti":2814.640117,"ui":0.257611537,"vi":0.350069354},"105":{"Ti":2842.786518,"ui":0.256477143,"vi":0.349696561},"106":{"Ti":2871.214384,"ui":0.255356122,"vi":0.34931843},"107":{"Ti":2899.926527,"ui":0.254248407,"vi":0.348935061},"108":{"Ti":2928.925793,"ui":0.253153926,"vi":0.348546551},"109":{"Ti":2958.215051,"ui":0.252072607,"vi":0.348153003},"110":{"Ti":2987.797201,"ui":0.251004376,"vi":0.347754519},"111":{"Ti":3017.675173,"ui":0.249949158,"vi":0.347351202},"112":{"Ti":3047.851925,"ui":0.248906877,"vi":0.346943158},"113":{"Ti":3078.330444,"ui":0.247877453,"vi":0.346530493},"114":{"Ti":3109.113749,"ui":0.246860808,"vi":0.346113315},"115":{"Ti":3140.204886,"ui":0.24585686,"vi":0.345691733},"116":{"Ti":3171.606935,"ui":0.244865527,"vi":0.345265855},"117":{"Ti":3203.323004,"ui":0.243886726,"vi":0.344835793},"118":{"Ti":3235.356234,"ui":0.242920372,"vi":0.344401659},"119":{"Ti":3267.709797,"ui":0.241966379,"vi":0.343963563},"120":{"Ti":3300.386895,"ui":0.24102466,"vi":0.34352162},"121":{"Ti":3333.390764,"ui":0.240095127,"vi":0.343075942},"122":{"Ti":3366.724671,"ui":0.239177691,"vi":0.342626644},"123":{"Ti":3400.391918,"ui":0.238272263,"vi":0.34217384},"124":{"Ti":3434.395837,"ui":0.237378751,"vi":0.341717645},"125":{"Ti":3468.739795,"ui":0.236497062,"vi":0.341258174},"126":{"Ti":3503.427193,"ui":0.235627106,"vi":0.340795542},"127":{"Ti":3538.461465,"ui":0.234768787,"vi":0.340329865},"128":{"Ti":3573.84608,"ui":0.233922013,"vi":0.339861259},"129":{"Ti":3609.584541,"ui":0.233086687,"vi":0.339389839},"130":{"Ti":3645.680386,"ui":0.232262714,"vi":0.338915721},"131":{"Ti":3682.13719,"ui":0.231449997,"vi":0.338439021},"132":{"Ti":3718.958562,"ui":0.230648441,"vi":0.337959854},"133":{"Ti":3756.148148,"ui":0.229857947,"vi":0.337478335},"134":{"Ti":3793.709629,"ui":0.229078417,"vi":0.33699458},"135":{"Ti":3831.646725,"ui":0.228309753,"vi":0.336508702},"136":{"Ti":3869.963193,"ui":0.227551855,"vi":0.336020817},"137":{"Ti":3908.662824,"ui":0.226804625,"vi":0.335531038},