{"0":{"r":0.0,"u":0.18006,"v":0.26352,"t":-0.24341},"1":{"r":10.0,"u":0.18066,"v":0.26589,"t":-0.25479},"2":{"r":20.0,"u":0.18133,"v":0.26846,"t":-0.26876},"3":{"r":30.0,"u":0.18208,"v":0.27119,"t":-0.28539},"4":{"r":40.0,"u":0.18293,"v":0.27407,"t":-0.3047},"5":{"r":50.0,"u":0.18388,"v":0.27709,"t":-0.32675},"6":{"r":60.0,"u":0.18494,"v":0.28021,"t":-0.35156},"7":{"r":70.0,"u":0.18611,"v":0.28342,"t":-0.37915},"8":{"r":80.0,"u":0.1874,"v":0.28668,"t":-0.40955},"9":{"r":90.0,"u":0.1888,"v":0.28997,"t":-0.44278},"10":{"r":100.0,"u":0.19032,"v":0.29326,"t":-0.47888},"11":{"r":125.0,"u":0.19462,"v":0.30141,"t":-0.58204},"12":{"r":150.0,"u":0.19962,"v":0.30921,"t":-0.70471},"13":{"r":175.0,"u":0.20525,"v":0.31647,"t":-0.84901},"14":{"r":200.0,"u":0.21142,"v":0.32312,"t":-1.0182},"15":{"r":225.0,"u":0.21807,"v":0.32909,"t":-1.2168},"16":{"r":250.0,"u":0.22511,"v":0.33439,"t":-1.4512},"17":{"r":275.0,"u":0.23247,"v":0.33904,"t":-1.7298},"18":{"r":300.0,"u":0.2401,"v":0.34308,"t":-2.0637},"19":{"r":325.0,"u":0.24792,"v":0.34655,"t":-2.4681},"20":{"r":350.0,"u":0.25591,"v":0.34951,"t":-2.9641},"21":{"r":375.0,"u":0.264,"v":0.352,"t":-3.5814},"22":{"r":400.0,"u":0.27218,"v":0.35407,"t":-4.3633},"23":{"r":425.0,"u":0.28039,"v":0.35577,"t":-5.3762},"24":{"r":450.0,"u":0.28863,"v":0.35714,"t":-6.7262},"25":{"r":475.0,"u":0.29685,"v":0.35823,"t":-8.5955},"26":{"r":500.0,"u":0.30505,"v":0.35907,"t":-11.324},"27":{"r":525.0,"u":0.3132,"v":0.35968,"t":-15.628},"28":{"r":550.0,"u":0.32129,"v":0.36011,"t":-23.325},"29":{"r":575.0,"u":0.32931,"v":0.36038,"t":-40.77},"30":{"r":600.0,"u":0.33724,"v":0.36051,"t":-116.45}}
